{"cameraMode":{"drawMode":0,"name":"Shaded","section":"Shading Mode"},"sceneLighting":true,"audioPlay":false,"sceneViewState":{"showFog":true,"showMaterialUpdate":false,"showSkybox":true,"showFlares":true,"showImageEffects":true,"showParticleSystems":true},"in2DMode":false,"pivot":{"x":2.390162467956543,"y":0.008426785469055176,"z":-0.6065328121185303},"rotation":{"x":0.004430844448506832,"y":0.9897419214248657,"z":-0.139284148812294,"w":0.03148530423641205},"size":5.122278213500977,"orthographic":false}